<?xml version="1.0" encoding="UTF-8"?>
<project-private xmlns="http://www.netbeans.org/ns/project-private/1">
    <editor-bookmarks xmlns="http://www.netbeans.org/ns/editor-bookmarks/2" lastBookmarkId="0"/>
    <open-files xmlns="http://www.netbeans.org/ns/projectui-open-files/2">
        <group>
            <file>file:/C:/Users/pc/Desktop/Semestre%20III/software/Base%20do%20Projeto/meuprojeto%20melhorado/src/connection/ConnectionFactory.java</file>
            <file>file:/C:/Users/pc/Desktop/Semestre%20III/software/Base%20do%20Projeto/meuprojeto%20melhorado/src/model/dao/AutomovelDAO.java</file>
            <file>file:/C:/Users/pc/Desktop/Semestre%20III/software/Base%20do%20Projeto/meuprojeto%20melhorado/src/model/bean/Automovel.java</file>
            <file>file:/C:/Users/pc/Desktop/Semestre%20III/software/Base%20do%20Projeto/meuprojeto%20melhorado/src/view/Cadastrar.java</file>
        </group>
    </open-files>
</project-private>
